Sand_Sure.00001.png,Sand
Sand_Sure.00014.png,Sand
Sand_Sure.00016.png,Sand
Sand_Sure.00018.png,Sand
Sand_Sure.00022.png,Sand
Sand_Sure.00025.png,Sand
Sand_Sure.00027.png,Sand
Sand_Sure.00028.png,Sand
Sand_Sure.00033.png,Sand
Sand_Sure.00035.png,Sand
Sand_Sure.00038.png,Sand
Sand_Sure.00041.png,Sand
Sand_Sure.00042.png,Sand
Sand_Sure.00043.png,Sand
Sand_Sure.00046.png,Sand
Sand_Sure.00047.png,Sand
Sand_Sure.00048.png,Sand
Sand_Sure.00051.png,Sand
Sand_Sure.00053.png,Sand
Sand_Sure.00055.png,Sand
Sand_Sure.00058.png,Sand
Sand_Sure.00059.png,Sand
Sand_Sure.00061.png,Sand
Sand_Sure.00063.png,Sand
Sand_Sure.00064.png,Sand
Sand_Sure.00065.png,Sand
Sand_Sure.00068.png,Sand
Sand_Sure.00073.png,Sand
Sand_Sure.00075.png,Sand
Sand_Sure.00076.png,Sand
Sand_Sure.00077.png,Sand
Sand_Sure.00079.png,Sand
Sand_Sure.00081.png,Sand
Sand_Sure.00082.png,Sand
Sand_Sure.00083.png,Sand
Sand_Sure.00089.png,Sand
Sand_Sure.00090.png,Sand
Sand_Sure.00096.png,Sand
Sand_Sure.00100.png,Sand
Sand_Sure.00102.png,Sand
Sand_Sure.00106.png,Sand
Sand_Sure.00107.png,Sand
Sand_Sure.00108.png,Sand
Sand_Sure.00111.png,Sand
Sand_Sure.00112.png,Sand
Sand_Sure.00114.png,Sand
Sand_Sure.00115.png,Sand
Sand_Sure.00118.png,Sand
Sand_Sure.00120.png,Sand
Sand_Sure.00121.png,Sand
Sand_Sure.00122.png,Sand
Sand_Sure.00129.png,Sand
Sand_Sure.00131.png,Sand
Sand_Sure.00141.png,Sand
Sand_Sure.00143.png,Sand
Sand_Sure.00144.png,Sand
Sand_Sure.00147.png,Sand
Sand_Sure.00148.png,Sand
Sand_Sure.00149.png,Sand
Sand_Sure.00157.png,Sand
