Rock_Sure.00065.png,Rock
Rock_Sure.00066.png,Rock
Rock_Sure.00074.png,Rock
Rock_Sure.00077.png,Rock
Rock_Sure.00099.png,Rock
Rock_Sure.00108.png,Rock
Rock_Sure.00112.png,Rock
Rock_Sure.00118.png,Rock
Rock_Sure.00123.png,Rock
Rock_Sure.00126.png,Rock
Rock_Sure.00145.png,Rock
Rock_Sure.00150.png,Rock
Rock_Sure.00155.png,Rock
Rock_Sure.00161.png,Rock
Rock_Sure.00229.png,Rock
Rock_Sure.00230.png,Rock
Rock_Sure.00236.png,Rock
Rock_Sure.00246.png,Rock
Rock_Sure.00247.png,Rock
Rock_Sure.00297.png,Rock
Rock_Sure.00349.png,Rock
Rock_Sure.00355.png,Rock
Rock_Sure.00356.png,Rock
Rock_Sure.00357.png,Rock
Rock_Sure.00358.png,Rock
Rock_Sure.00373.png,Rock
Rock_Sure.00385.png,Rock
Rock_Sure.00386.png,Rock
Rock_Sure.00402.png,Rock
Rock_Sure.00413.png,Rock
Rock_Sure.00420.png,Rock
Rock_Sure.00438.png,Rock
Rock_Sure.00448.png,Rock
Rock_Sure.00470.png,Rock
Rock_Sure.00471.png,Rock
Rock_Sure.00477.png,Rock
Rock_Sure.00494.png,Rock
Rock_Sure.00523.png,Rock
Rock_Sure.00533.png,Rock
Rock_Sure.00535.png,Rock
Rock_Sure.00536.png,Rock
Rock_Sure.00537.png,Rock
Rock_Sure.00539.png,Rock
Rock_Sure.00540.png,Rock
Rock_Sure.00546.png,Rock
Rock_Sure.00585.png,Rock
Rock_Sure.00587.png,Rock
Rock_Sure.00590.png,Rock
Rock_Sure.00596.png,Rock
Rock_Sure.00644.png,Rock
Rock_Sure.00645.png,Rock
Rock_Sure.00656.png,Rock
Rock_Sure.00732.png,Rock
Rock_Sure.00772.png,Rock
Rock_Sure.00804.png,Rock
Rock_Sure.00862.png,Rock
Rock_Sure.00887.png,Rock
Rock_Sure.00888.png,Rock
Rock_Sure.00967.png,Rock
Rock_Sure.00970.png,Rock
