Silt_Sure.00019.png,Silt
Silt_Sure.00020.png,Silt
Silt_Sure.00022.png,Silt
Silt_Sure.00027.png,Silt
Silt_Sure.00029.png,Silt
Silt_Sure.00048.png,Silt
Silt_Sure.00053.png,Silt
Silt_Sure.00054.png,Silt
Silt_Sure.00058.png,Silt
Silt_Sure.00062.png,Silt
Silt_Sure.00063.png,Silt
Silt_Sure.00076.png,Silt
Silt_Sure.00081.png,Silt
Silt_Sure.00087.png,Silt
Silt_Sure.00095.png,Silt
Silt_Sure.00101.png,Silt
Silt_Sure.00139.png,Silt
Silt_Sure.00166.png,Silt
Silt_Sure.00510.png,Silt
Silt_Sure.00588.png,Silt
Silt_Sure.00707.png,Silt
Silt_Sure.01000.png,Silt
Silt_Sure.01034.png,Silt
Silt_Sure.01299.png,Silt
Silt_Sure.01307.png,Silt
Silt_Sure.01581.png,Silt
Silt_Sure.01666.png,Silt
Silt_Sure.01670.png,Silt
Silt_Sure.01673.png,Silt
Silt_Sure.01715.png,Silt
Silt_Sure.02508.png,Silt
Silt_Sure.02510.png,Silt
Silt_Sure.02514.png,Silt
Silt_Sure.02650.png,Silt
Silt_Sure.02656.png,Silt
Silt_Sure.02671.png,Silt
Silt_Sure.02673.png,Silt
Silt_Sure.02677.png,Silt
Silt_Sure.02691.png,Silt
Silt_Sure.02692.png,Silt
Silt_Sure.02713.png,Silt
Silt_Sure.02714.png,Silt
Silt_Sure.03117.png,Silt
Silt_Sure.03118.png,Silt
Silt_Sure.03205.png,Silt
Silt_Sure.03208.png,Silt
Silt_Sure.03219.png,Silt
Silt_Sure.03220.png,Silt
Silt_Sure.03580.png,Silt
Silt_Sure.03581.png,Silt
Silt_Sure.03590.png,Silt
Silt_Sure.03922.png,Silt
Silt_Sure.03941.png,Silt
Silt_Sure.03943.png,Silt
Silt_Sure.03947.png,Silt
Silt_Sure.03960.png,Silt
Silt_Sure.03963.png,Silt
Silt_Sure.03966.png,Silt
Silt_Sure.04190.png,Silt
Silt_Sure.04194.png,Silt
