Ripple 45°_Sure.00008.png,Ripple 45°
Ripple 45°_Sure.00009.png,Ripple 45°
Ripple 45°_Sure.00011.png,Ripple 45°
Ripple 45°_Sure.00013.png,Ripple 45°
Ripple 45°_Sure.00016.png,Ripple 45°
Ripple 45°_Sure.00017.png,Ripple 45°
Ripple 45°_Sure.00018.png,Ripple 45°
Ripple 45°_Sure.00022.png,Ripple 45°
Ripple 45°_Sure.00025.png,Ripple 45°
Ripple 45°_Sure.00026.png,Ripple 45°
Ripple 45°_Sure.00030.png,Ripple 45°
Ripple 45°_Sure.00031.png,Ripple 45°
Ripple 45°_Sure.00036.png,Ripple 45°
Ripple 45°_Sure.00038.png,Ripple 45°
Ripple 45°_Sure.00039.png,Ripple 45°
Ripple 45°_Sure.00040.png,Ripple 45°
Ripple 45°_Sure.00041.png,Ripple 45°
Ripple 45°_Sure.00044.png,Ripple 45°
Ripple 45°_Sure.00045.png,Ripple 45°
Ripple 45°_Sure.00047.png,Ripple 45°
Ripple 45°_Sure.00049.png,Ripple 45°
Ripple 45°_Sure.00053.png,Ripple 45°
Ripple 45°_Sure.00055.png,Ripple 45°
Ripple 45°_Sure.00056.png,Ripple 45°
Ripple 45°_Sure.00057.png,Ripple 45°
Ripple 45°_Sure.00058.png,Ripple 45°
Ripple 45°_Sure.00065.png,Ripple 45°
Ripple 45°_Sure.00073.png,Ripple 45°
Ripple 45°_Sure.00074.png,Ripple 45°
Ripple 45°_Sure.00077.png,Ripple 45°
Ripple 45°_Sure.00078.png,Ripple 45°
Ripple 45°_Sure.00079.png,Ripple 45°
Ripple 45°_Sure.00081.png,Ripple 45°
Ripple 45°_Sure.00084.png,Ripple 45°
Ripple 45°_Sure.00086.png,Ripple 45°
Ripple 45°_Sure.00087.png,Ripple 45°
Ripple 45°_Sure.00088.png,Ripple 45°
Ripple 45°_Sure.00089.png,Ripple 45°
Ripple 45°_Sure.00092.png,Ripple 45°
Ripple 45°_Sure.00093.png,Ripple 45°
Ripple 45°_Sure.00095.png,Ripple 45°
Ripple 45°_Sure.00099.png,Ripple 45°
Ripple 45°_Sure.00100.png,Ripple 45°
Ripple 45°_Sure.00101.png,Ripple 45°
Ripple 45°_Sure.00103.png,Ripple 45°
Ripple 45°_Sure.00104.png,Ripple 45°
Ripple 45°_Sure.00105.png,Ripple 45°
Ripple 45°_Sure.00106.png,Ripple 45°
Ripple 45°_Sure.00107.png,Ripple 45°
Ripple 45°_Sure.00108.png,Ripple 45°
Ripple 45°_Sure.00109.png,Ripple 45°
Ripple 45°_Sure.00110.png,Ripple 45°
Ripple 45°_Sure.00114.png,Ripple 45°
Ripple 45°_Sure.00115.png,Ripple 45°
Ripple 45°_Sure.00124.png,Ripple 45°
Ripple 45°_Sure.00125.png,Ripple 45°
Ripple 45°_Sure.00127.png,Ripple 45°
Ripple 45°_Sure.00129.png,Ripple 45°
Ripple 45°_Sure.00130.png,Ripple 45°
Ripple 45°_Sure.00132.png,Ripple 45°
