Ripple vertical_Sure.00006.png,Ripple vertical
Ripple vertical_Sure.00009.png,Ripple vertical
Ripple vertical_Sure.00014.png,Ripple vertical
Ripple vertical_Sure.00015.png,Ripple vertical
Ripple vertical_Sure.00023.png,Ripple vertical
Ripple vertical_Sure.00026.png,Ripple vertical
Ripple vertical_Sure.00027.png,Ripple vertical
Ripple vertical_Sure.00030.png,Ripple vertical
Ripple vertical_Sure.00037.png,Ripple vertical
Ripple vertical_Sure.00038.png,Ripple vertical
Ripple vertical_Sure.00040.png,Ripple vertical
Ripple vertical_Sure.00041.png,Ripple vertical
Ripple vertical_Sure.00048.png,Ripple vertical
Ripple vertical_Sure.00049.png,Ripple vertical
Ripple vertical_Sure.00053.png,Ripple vertical
Ripple vertical_Sure.00055.png,Ripple vertical
Ripple vertical_Sure.00060.png,Ripple vertical
Ripple vertical_Sure.00072.png,Ripple vertical
Ripple vertical_Sure.00074.png,Ripple vertical
Ripple vertical_Sure.00107.png,Ripple vertical
Ripple vertical_Sure.00111.png,Ripple vertical
Ripple vertical_Sure.00113.png,Ripple vertical
Ripple vertical_Sure.00117.png,Ripple vertical
Ripple vertical_Sure.00119.png,Ripple vertical
Ripple vertical_Sure.00129.png,Ripple vertical
Ripple vertical_Sure.00135.png,Ripple vertical
Ripple vertical_Sure.00155.png,Ripple vertical
Ripple vertical_Sure.00156.png,Ripple vertical
Ripple vertical_Sure.00171.png,Ripple vertical
Ripple vertical_Sure.00175.png,Ripple vertical
Ripple vertical_Sure.00184.png,Ripple vertical
Ripple vertical_Sure.00188.png,Ripple vertical
Ripple vertical_Sure.00192.png,Ripple vertical
Ripple vertical_Sure.00201.png,Ripple vertical
Ripple vertical_Sure.00202.png,Ripple vertical
Ripple vertical_Sure.00203.png,Ripple vertical
Ripple vertical_Sure.00205.png,Ripple vertical
Ripple vertical_Sure.00207.png,Ripple vertical
Ripple vertical_Sure.00229.png,Ripple vertical
Ripple vertical_Sure.00238.png,Ripple vertical
Ripple vertical_Sure.00245.png,Ripple vertical
Ripple vertical_Sure.00268.png,Ripple vertical
Ripple vertical_Sure.00302.png,Ripple vertical
Ripple vertical_Sure.00303.png,Ripple vertical
Ripple vertical_Sure.00306.png,Ripple vertical
Ripple vertical_Sure.00309.png,Ripple vertical
Ripple vertical_Sure.00312.png,Ripple vertical
Ripple vertical_Sure.00358.png,Ripple vertical
Ripple vertical_Sure.00361.png,Ripple vertical
Ripple vertical_Sure.00362.png,Ripple vertical
Ripple vertical_Sure.00379.png,Ripple vertical
Ripple vertical_Sure.00380.png,Ripple vertical
Ripple vertical_Sure.00468.png,Ripple vertical
Ripple vertical_Sure.00470.png,Ripple vertical
Ripple vertical_Sure.00489.png,Ripple vertical
Ripple vertical_Sure.00562.png,Ripple vertical
Ripple vertical_Sure.00564.png,Ripple vertical
Ripple vertical_Sure.00669.png,Ripple vertical
Ripple vertical_Sure.00843.png,Ripple vertical
Ripple vertical_Sure.00855.png,Ripple vertical
